{"batch_loss": 0.001773702329955995, "epoch": 107, "step": 695050, "_timestamp": 1737798613.284378, "_runtime": 564676.0149459839, "_step": 695050}